id,title,artist,album,genre,danceability,energy,valence,acousticness,tempo_bpm,mood
1LxpfJKJuEqAA6vhzaQOKS,Tere Pyar Ko Salam O Sanam - Jhankar Beats,Alka Yagnik,Gumraah - Jhankar Beats,k-pop,0.505,0.87,0.445,0.512,112.102,chill
4CyVr80Xs1y26QtN7IImuc,Chillout,Meeresrauschen,"Meeresrauschen zur Entspannung, für Meditation, Yoga und Wellness",sleep,0.197,0.998,1e-05,0.366,107.373,intense
2uS2q42YqnsS3DUi4WuujW,To Be Continued..,Raimu,The Spirit Within,anime,0.539,0.26,0.104,0.873,119.011,sad
5bFhLxqmSghToSzZGMeh1I,Agate,Astrix;Ritmo,He.art,trance,0.621,0.885,0.127,0.00159,137.966,intense
3xshQaCOlSCIkXuXDQS1S6,The Special Two - triple j Like A Version,Dear Seattle,The Special Two (triple j Like A Version),garage,0.254,0.898,0.567,0.000134,168.88,chill
2p9OhUXRl2hACpmw9M9JvO,Meet La Familia,Germaine Franco,Encanto (Original Motion Picture Soundtrack),disney,0.808,0.316,0.315,0.434,96.393,sad
0JS0AEmlz20lugs6G10mYy,From the Hard - Original Mix,D-Block & S-te-Fan,D-Block & S-te-Fan - From The Hard EP,hardstyle,0.441,0.899,0.275,0.287,149.965,intense
5fZE0TVp6FFesXodTd8Uvx,Wrecking Ball (Glee Cast Version),Glee Cast,Wrecking Ball (Glee Cast Version),club,0.579,0.373,0.387,0.44,119.954,sad
76eCC3r9jrVDsQnfAqQNH4,Inthalo Ennenni Vinthalo Male,Naresh Iyer,Karthikeya,pop-film,0.645,0.674,0.503,0.408,140.003,chill
6JymsaWDHk2Yj4e0yNBIFH,Jump Around,House Of Pain,House of Pain (Fine Malt Lyrics),hard-rock,0.854,0.71,0.818,0.0113,106.893,happy
27XJv9grlenIhZEPpDdnIY,X ÚLTIMA VEZ,Daddy Yankee;Bad Bunny,Esto me suena a Farra,hip-hop,0.812,0.855,0.573,0.0789,90.04,chill
6s1AU3GCP1FWWtmADl4B2P,Midnight River,Pink Sweat$;6LACK,20's R'n'B,soul,0.497,0.351,0.234,0.777,171.719,sad
6ElJ54n49iDJh8WmAAXx2r,Eternal,Abbath,Abbath,black-metal,0.467,0.969,0.247,2.67e-06,109.0,intense
1iwgk7hPJ8zRluVwXxN0j9,Balboa,RK,Balboa,french,0.785,0.662,0.483,0.222,146.101,chill
33DzKnwuBE6lfOiADwzd5E,TOOTIMETOOTIMETOOTIME,The 1975,A Brief Inquiry Into Online Relationships,alt-rock,0.667,0.824,0.518,0.177,114.998,chill
566HVrHXG5v57lFbVNBJak,Mi Frikimundo,Porta,No Hay Truco (Maqueta 2007),spanish,0.712,0.734,0.93,0.229,83.699,happy
5fWG4JDot8nHCte7gUdMUS,Pepas - David Guetta Remix - Radio Edit,Farruko;David Guetta,Pepas (David Guetta Remix - Radio Edit),reggaeton,0.632,0.952,0.098,0.0122,126.967,intense
7otdKb40Sx35ESUDzEdU1p,Never Going Home,Kungs,Night Drive Autumn/Winter 2022/23,house,0.839,0.842,0.96,0.0868,122.028,happy
0OK0R0smXIhO9HvNH64JcC,"The Fairy Ring, Part 1 - Remastered",Mike Rowland,The Fairy Ring (Remastered),new-age,0.0852,0.258,0.0395,0.206,84.511,sad
0wXK5IepYKg2qfpCAoSsqC,The Same Graceful Wind,Vanna,A New Hope,metalcore,0.345,0.988,0.11,0.000379,124.741,intense
7eUZu9C4NSLbD9mRlSpvYu,Bahay Kubo,Lea Salonga,Bahaghari,show-tunes,0.483,0.265,0.445,0.976,119.583,chill
32KpVkEKmO5g0t68o1gq23,Rhythm (Of The Night) [ASOT 1090] [Progressive Pick],Something Good,ASOT 1090 - A State Of Trance Episode 1090,trance,0.571,0.909,0.181,0.00022,125.989,intense
1aQjSuo7Oul4A51k6dQxAp,Here For You,Gorgon City;Laura Welsh,Halloween & Chill,garage,0.655,0.678,0.32,0.0248,121.978,chill
34srI0VWaGbqcaAu2TAtli,Kaunein katse,Jaska Mäkynen,Espanjan Yöt,tango,0.518,0.554,0.483,0.358,94.991,chill
1q8NdCAQ9QUjpYiqzdd3mv,Atrévete-Te-Te,Calle 13,Calle 13 (Explicit Version),afrobeat,0.829,0.878,0.883,0.0959,87.991,happy
4GF8TVlUq9ptfdbK3F7kEd,Beguine dodói,Elis Regina,Chill in Brazil,jazz,0.728,0.333,0.399,0.69,111.673,sad
0KpAm8TtyHPZmxdPO7npYO,we made it.,david hugo,Blossom Hill,indie-pop,0.653,0.515,0.674,0.0706,176.05,chill
1mWdTewIgB3gtBM3TOSFhB,Butter,BTS,"Butter (Hotter, Sweeter, Cooler)",k-pop,0.759,0.459,0.695,0.00323,109.997,chill
0IOaug54ZnASgjgPl8IJlq,"О, позабудь!",Тамара Церетели,Осенний романс,romance,0.41,0.186,0.339,0.982,73.266,sad
6cBrYEOStiv0YtmvGraUog,Puente Alsina,Osvaldo Pugliese;Jorge Vidal,Ausencia,tango,0.489,0.256,0.511,0.932,96.323,chill
0D3J5hfXcaQLeMmZVxD4S7,Minha Fé,Gerson Rufino,Homem Invisível,gospel,0.572,0.495,0.21,0.252,135.87,chill
5yEIpnRU3WQmAWoOMP8ge9,Turnin' Me Up,BJ The Chicago Kid,Autumn Girl,soul,0.731,0.79,0.879,0.0429,78.506,happy
7LHaRfgjJzOEzvnAZVxxtR,好久不見,Eason Chan,認了吧,mandopop,0.312,0.242,0.113,0.772,114.469,sad
311q3StU6e78qyti2HhaS2,Lullaby,Sleeping At Last,Lullaby,ambient,0.495,0.0647,0.249,0.967,118.967,sad
6X8jY9ucVRdfd3gO5WChAR,"12 Variations in C Major on ""Ah, vous dirai-je Maman"", K. 265/300e: Var. 8",Wolfgang Amadeus Mozart;Jan Lisiecki,Mozart - A Classical Dawn,classical,0.459,0.0757,0.395,0.995,117.11,sad
6F4zAdEznwkmn8MHJtcjtT,Zica Vai Lá - Live,Criolo;Emicida,Criolo E Emicida Ao Vivo (Live),afrobeat,0.374,0.934,0.389,0.058,167.661,intense
2EiVLz6irHr0sYvhiHubCh,Caixa de Saudade - Ao Vivo,Kevi Jonny,Caixa de Saudade (Ao Vivo),forro,0.55,0.665,0.643,0.301,143.441,chill
0dY1cTuq44STBXfrXbKlA7,Salon in der Hofburg,Jubiläumscast Wien 2012,Elisabeth - Gesamtaufnahme Live - Jubiläumsfassung,show-tunes,0.583,0.35,0.685,0.798,129.895,relaxed
0gYcGFMdgipfimvC5KvYdm,Everything but You,Clean Bandit;A7S,I'm Blue - Hits of 2022,house,0.679,0.764,0.471,0.031,124.977,chill
29MNXSZGC5vL3ej4qewiFZ,Need Some1,The Prodigy,No Tourists,breakbeat,0.398,0.988,0.0961,0.0517,184.076,intense
1Jj6MF0xDOMA3Ut2Z368Bx,Time After Time,Cyndi Lauper,She's So Unusual: A 30th Anniversary Celebration (Deluxe Edition),disco,0.724,0.436,0.324,0.576,130.439,chill
44h041D14k51xKXPG0KztZ,J'attends un miracle,Swift Guad,La chute des corps,french,0.55,0.522,0.63,0.739,76.603,chill
6S1G1YciJfoW5wRzMio6Ll,Hiroshima,Agnes Nunes;Neo Beats,Hiroshima,mpb,0.698,0.358,0.3,0.396,107.052,sad
7oNkfgXQ8vkprDPQFDsxUS,New Money,Popcaan;Louie Vito,New Money - Single,j-dance,0.494,0.63,0.667,0.104,179.304,chill
6V6NyqSDWLqtJinNR9EtvQ,Orgasmusik,Fäaschtbänkler,Orgasmusik,party,0.703,0.749,0.825,0.0644,125.978,happy
0B20hWBraHLh8d8GEedTX2,Zombie,The Cranberries,90's Music Grandi Successi,rock,0.252,0.738,0.256,0.0145,165.187,intense
0K44Tg7YUxocXe237lbwkO,The Christmas Song (Chestnuts Roasting On An Open Fire),Justin Bieber;Usher,Holidays Are Coming,pop,0.533,0.426,0.152,0.46,103.267,chill
16uXRCvEKCwATSpmzq5rqE,Tuuduuu - Original Mix,Frontliner,Scantraxx 033,hardstyle,0.726,0.896,0.272,0.0148,150.005,intense
1QgtIsGPShntohsJNcLwOQ,Bloodstream,twocolors,Night Drive Autumn/Winter 2022/23,house,0.586,0.715,0.59,0.013,120.971,chill
2KEC0lBoiYo8DAe9072AEs,Fate of the Kingdoms,Ramin Djawadi,"House of the Dragon: Season 1, Episode 9 (Soundtrack from the HBO® Series)",german,0.361,0.0383,0.0387,0.807,110.298,sad
0YIn7WsGky3S0ugXcRaBbR,"Amante, Amiga e Namorada - Ao Vivo",Max e Luan,Esqueminha (Ao Vivo),forro,0.644,0.754,0.655,0.712,154.973,happy
2ccUQnjjNWT0rsNnsBpsCA,Surrender,Cheap Trick,Heaven Tonight,hard-rock,0.524,0.955,0.869,0.00717,133.849,happy
5DH0m3YAECTBEPnu0swBQU,Flowering,Stapes,Flowering,chill,0.454,0.243,0.239,0.283,82.923,sad
6vmdV1NsKisfobiqyg2kG3,Pushed Again,Die Toten Hosen,Alles aus Liebe: 40 Jahre Die Toten Hosen,punk,0.354,0.736,0.208,0.0202,114.22,intense
4EAJpL69BNHitVKbebzScl,Los Lagos De Chile,Silvia Infantas Y Los Condores,Chile Tipico Vol.4 Rio Rio,folk,0.733,0.612,0.801,0.693,117.132,chill
5RAmwjg1kd8zrRM5h8hkaI,Box Beat,Boogie T;Dirt Monkey;Honeycomb,Joint Force EP,dubstep,0.51,0.93,0.538,0.0158,92.881,chill
3QgaD0gmVY1TdvwgM7KKFQ,Monster Boogie,The Laurie Berkner Band,Para pedir dulces,children,0.751,0.379,0.801,0.698,109.521,relaxed
0veda7gIbScyRAp2fWjDQh,Yennai Maatrum Kadhale,Anirudh Ravichander;Sid Sriram,Wunderboy Anirudh,hip-hop,0.515,0.766,0.346,0.464,112.466,intense
3Ma7En4uWNtzGAhXHVfmCY,"Rudolph, The Red Nosed Reindeer",The Platters,A Very 60s Christmas,rockabilly,0.576,0.682,0.919,0.726,145.274,chill
5iCY0TXNImK4hyKfcplQsg,Baarishein,Anuv Jain,Baarishein,singer-songwriter,0.475,0.124,0.19,0.926,94.42,sad
4PXnwRGWH9VKDxdf09JV6e,Barrio De Tango,Roberto Goyeneche,Uno,tango,0.548,0.341,0.418,0.772,114.007,chill
0NHlPYnisv4NcPCa4a6qcG,Vinayagane Vinai Theerpavane Revival,Sirkazhi Govindarajan,Vinayagar - Murugan Songs Tamil Devotionl -Revival,indian,0.42,0.666,0.653,0.818,99.91,chill
2yJEv3BkrYnYb3Qh0vmc8C,Mambalamam Mambalam Mango Song,ChuChu TV,"ChuChu TV Tamil Rhymes & Songs for Children, Vol. 1",children,0.703,0.485,0.905,0.00978,79.575,chill
25ysC9uw0bpwgcxOhnrwjk,Adelphi '88 (Tritonia 400),Tritonal,Tritonia 400,dub,0.543,0.97,0.126,0.00195,122.981,intense
1UYZWCuMG9N2do5ZnvWh9x,Alguém Que Te Faz Sorrir,Fresno,Redenção,emo,0.588,0.507,0.236,0.702,104.012,chill
006tmNZLXEXPqdb23wwSN1,Yemyeşil Bir Deniz,İlhan İrem,Bezginin Gizli Mektupları,turkish,0.486,0.568,0.65,0.652,127.184,chill
5XCL5VUmhLG8h19E0qPLNZ,Lock Me High - Helmut Wintermantel Mix,DI MI DO,"Nature Minimal Tech House, Vol. 3",minimal-techno,0.593,0.931,0.0642,0.00155,123.985,intense
3Y12BrdHQ0oAkPzpsRcbPW,Clothes Dryer and Soothing Brown Noise,Sleep Baby Sleep;Vacuum Cleaner White Noise;Deep Sleep Relaxation;Baby Naptime;Calm Children Collection,Soothing Brown Noise Waves and Calming Ambient Combinations (Loopable and without Fade),sleep,0.398,0.868,0.149,0.276,97.29,intense
6xGPtVVjD3ZzdxxOIbOm7a,Trodding,Horace Andy,Serious Times,dub,0.755,0.458,0.518,0.0937,77.724,chill
16FoyabyqWiC4G0crZDt5Y,Hush,Lasse Lindh,"Guardian (Original Television Soundtrack), Pt. 3",swedish,0.646,0.311,0.305,0.917,130.018,sad
7IMmfaOsJemYqmGqUfLOHc,Ven Devórame Otra Vez,Lalo Rodriguez,Salsa x siempre,salsa,0.704,0.719,0.961,0.633,84.417,happy
7hbAuG4CFb8ee6IOBKKdar,A Present for a Young Traveller,Sebastian Plano,Klassische Weihnachtsmusik,ambient,0.167,0.282,0.0405,0.97,148.711,sad
342MrQja9hV0VipxM0iuNr,É da Nossa Cor,Maga Bo;Mestre Camaleão,Quilombo do Futuro,afrobeat,0.668,0.873,0.771,0.422,116.968,happy
2mSKIcHpIXuytBvPKP1h7w,Treat Me Right - Nikko Culture Remix,Pete Bellis & Tommy;Nikko Culture,Top Tunes,groove,0.728,0.8,0.248,0.0367,119.99,intense
485O86RGOuDLnkfJkICiUC,Deva Deva (Telugu),Pritam;Sreerama Chandra;Arijit Singh;Jonita Gandhi,Brahmastra (Telugu) [Original Motion Picture Soundtrack],indian,0.559,0.709,0.417,0.664,112.01,chill
4eOYsoxVzs3tMznRzgjZ2D,Serenity Rain,Nature Sounds,Sleep Rain Sounds,sleep,0.497,0.988,0.00809,0.275,106.261,intense
5g5w8pq89QLOz0psHs8nyW,Jardim,Fraternidade São João Paulo II;Ir. Samuel Maria,Jardim,brazil,0.306,0.356,0.183,0.708,129.991,sad
4KdC1ufeTt40l0agjHZXSB,captain ginger,meadowzz,brooklyn knows best,study,0.758,0.357,0.352,0.703,94.007,sad
0rFdbImiFCvAY8jD2aE391,Vizhigalile,V. Selvaganesh;Karthik;Chinmayi,Kulla Nari Kootam (Original Motion Picture Soundtrack),indian,0.612,0.518,0.527,0.639,159.894,chill
3HaAS5MOzW1SubBE0wVB2y,"Wenn nicht jetzt, wann dann?",Höhner,Karneval 2022 100%,party,0.681,0.923,0.786,0.0729,105.002,happy
0n49DnBtPTD0DwpNHLrREI,Ethereal,XERXES THE DARK,Tomb of Seers,iranian,0.0615,0.157,0.0318,0.524,66.906,sad
7xLfz26gfcOPIe93h6Lxa6,Nayab,Nikhil Swaroop,Nayab,songwriter,0.601,0.128,0.388,0.902,142.761,sad
0Hg6cD0VepM1bnjl0lObQ3,Brothers Unite,Brothers of Metal,Emblas Saga,heavy-metal,0.476,0.713,0.564,0.000838,183.032,chill
3AJmjefnCKNq2Vtib5qQSE,I'm The One - Tyron Hapi Remix,Junge Junge;Tyron Hapi,I'm The One (Remixes),deep-house,0.472,0.566,0.266,0.0749,100.095,chill
44ZcbH1W8X5OXc7ZQyKNVw,Loco Contigo,DJ Snake;J Balvin;Tyga,Esto me suena a Farra,electronic,0.827,0.757,0.374,0.283,95.983,intense
704LUEih663hiE3CnyUrFW,SEJODIOTO,KAROL G,SEJODIOTO,reggaeton,0.822,0.736,0.679,0.157,175.93,happy
3D1PuFi2U8lmtdWRZcCz1f,Body Terror Song,AJJ,Good Luck Everybody,acoustic,0.507,0.399,0.225,0.871,115.588,sad
1eh0KNddkwlXjI8c5H6K3j,Tu Cuerpo Me Arrebata,Don Omar;Trebol Clan,Perreo Tenebroso Vol. 3,hip-hop,0.819,0.645,0.724,0.232,94.998,chill
3pbSo0j9RmC6hBmqsC3kmH,Boulevard of Broken Dreams,Hanoi Rocks,Two Steps From The Move,hard-rock,0.421,0.924,0.629,0.00139,137.28,happy
0JlGCjYcS1DZYcOoUwLsI8,Die Wüste lebt,Peter Schilling,Fehler Im System,synth-pop,0.653,0.67,0.471,0.013,180.056,chill
0hulgYglBnlZ6a1uaiJYIM,Woo Woo,Sheryl Crow,Good Times Country,singer-songwriter,0.681,0.69,0.904,0.486,155.985,chill
4ZDzmEYt23qDf1MAuOe4vR,Sunset,Larry Heard,"Dance 2000, Part 2",chicago-house,0.828,0.561,0.728,0.00215,120.04,chill
0I10YQIht7W3fPvLlhQvkL,In Rave We Trust - Amateur Hour,Scooter,Scooter Forever,hardcore,0.567,0.915,0.546,0.00094,145.018,chill
7MWijfKFjQbpMHvhJBWWQt,Last Thing I'll Ever Need,Loren Allred,Last Thing I'll Ever Need,show-tunes,0.446,0.306,0.272,0.732,121.583,sad
1jmk1hq69kVe0EjX1OSyFe,You're Not Pretty but You Got It Goin' On,Band Of Skulls,Sweet Sour,garage,0.283,0.872,0.337,0.00991,160.524,intense
6FBOCvFNx6C0f6tW6WrqoK,Mentally Murdered,Napalm Death,From Enslavement To Obliteration,grindcore,0.177,0.89,0.482,1.3e-06,106.17,chill
1TVf1ZYXnoAPf2tNBwpOEH,Un Beso en Madrid,TINI;Alejandro Sanz,Dulce Balada,latin,0.378,0.619,0.349,0.305,87.387,chill
3LGUsgNrsptmc9SFqVNZyD,Iron Man Armored Adventures Theme,Rooney,Iron Man Armored Adventures Theme,power-pop,0.571,0.891,0.821,0.00114,144.985,happy
7v373TJVKDsnubhoMJ7eA1,Make A Wish,Conjure One;Rhys Fulber,Conjure One,new-age,0.621,0.714,0.415,0.0521,96.014,chill
2UznT9UMFxx41vmzWm5Bmi,The Ar - remastered,Tiamat,Wildhoney (Re-Issue + Bonus) [Remastered],black-metal,0.445,0.882,0.101,0.0253,127.577,intense
6UCpR17pbWqO88Xf7TwZq6,Upon The Horizon,Roman Messer;Joe Jury,Upon The Horizon,trance,0.415,0.99,0.237,0.000418,138.003,intense
5J89CMy1fDUEf73fi6KL9R,"Guitarras, Lloren Guitarras - Remastered",Cuco Sánchez,Viva México (Remastered),guitar,0.608,0.0277,0.314,0.938,109.877,sad
5QVHNa0ppJUOoqSd36ovQS,"Pachtaoge (From ""Jaani Ve"")",Arijit Singh;B Praak,"Pachtaoge (From ""Jaani Ve"")",pop-film,0.515,0.691,0.484,0.624,169.521,chill
4kQXMVjoZ9yMibLZq5Aqi5,Somebody Else - Acoustic,Callum J Wright,Somebody Else (Acoustic),acoustic,0.794,0.38,0.617,0.762,114.99,relaxed
6SiIq2zc4Rs1au0gCC7YMO,Anomaly,Noisia,Outer Edges,breakbeat,0.508,0.959,0.149,0.000163,171.905,intense
5JxyDHWj4XMRgvuRzWd9JK,Gateways,Dimmu Borgir,Abrahadabra,black-metal,0.172,0.943,0.15,0.000224,165.144,intense
3sMOYnA1xxqh5OJ3YJK5fu,Nada,Romántica Milonguera,"Romantica Milonguera, Vol. IV",tango,0.408,0.621,0.571,0.749,130.771,chill
3C7nmDDHszTddjFpdPlBvw,Merry Christmas,Bryan Adams,Christmas Classics,songwriter,0.683,0.511,0.598,0.406,109.991,chill
050P0IiF0BUccojgfzHcQm,As Cartas Que Eu Não Mando - Ao Vivo,Leoni,Leoni - Ao Vivo,mpb,0.532,0.47,0.835,0.827,93.951,chill
6EfakWtzal4GMETNR7xymd,Dirge for November,Opeth,Blackwater Park (20th Anniversary Edition),death-metal,0.275,0.377,0.123,0.0124,139.089,sad
2nYuEm5rCCiQWqGgUq5ptt,À plat ventre,ISHA,Labrador bleu,french,0.814,0.586,0.651,0.472,123.989,chill
5tQ2Zd9ZZ80feVfXje7gWk,"The Downeaster 'Alexa' - Live at Yankee Stadium, Bronx, NY - June 1990",Billy Joel,Live at Yankee Stadium,piano,0.396,0.847,0.501,0.0458,93.607,chill
2ZVN8uzgXLzwuCvOzMdn5W,Little Saint Nick - 1991 Remix,The Beach Boys,"It's Christmas, Let's Dance",psych-rock,0.602,0.553,0.971,0.108,130.594,chill
6Ehy8wRUYjAZcMMRCxMZVM,Moving On,Marshmello,Moving On,progressive-house,0.687,0.799,0.67,0.00286,142.0,happy
7Lw7GxtqLCyEa5KJw6CMjS,Let Him Go on Mama,John Hartford,Mark Twang,bluegrass,0.591,0.446,0.833,0.838,112.195,chill
14Pzq35qO07fvKKnST4zYY,You Deserve It All,John Legend,Weihnachten Musik,soul,0.524,0.739,0.48,0.215,83.095,chill
04EtBLFIxbcVt9NdYgcrpF,Redneck,Lamb of God,Sacrament,groove,0.512,0.996,0.0601,5.63e-05,130.931,intense
1Yxukx85EzhKgZpzbNywQv,Não Existe Amor Em SP - Live,Criolo;Emicida,Criolo E Emicida Ao Vivo (Live),afrobeat,0.285,0.734,0.243,0.3,140.224,intense
0HtWxjydJ3pEwT5nHJxxZ1,Surrounded (Fight My Battles),Bethel Music;Kari Jobe,Peace,ambient,0.398,0.208,0.132,0.953,129.682,sad
4GtWn0Wi0TnHYPbVmjaTVQ,Aeroscope,VNV Nation,Transnational,industrial,0.561,0.756,0.199,2.56e-05,110.003,intense
5tLMIpf7vZrIuRZPdh243H,Hammer,Loyla Lo,Sun Study,study,0.79,0.218,0.496,0.401,75.093,chill
12eaW6wPDSW4EXNkapb4nK,Slidin',Jason Derulo;Kodak Black,Good Vibes,dance,0.695,0.884,0.803,0.106,100.088,happy
5kCdc14ItHSF6N6rI7wGSX,Bloom,Phaxe;Querox,Bloom,trance,0.727,0.853,0.194,0.00298,136.997,intense
4IGacIfNwkGmpEal7ZuSXm,Crazy life,LOZAREENA,飛べないニケ,j-dance,0.569,0.693,0.369,0.483,79.615,chill
3cGTVw2edl88fQqQXy3m6P,Under the Scars,Burgerkill,Venomous,death-metal,0.528,0.997,0.13,0.000522,139.923,intense
3kIM6HdKsk7iKkOFqdSCoz,Need You,if found,YOU,dubstep,0.512,0.777,0.439,0.0125,150.054,chill
6JgHKt0WwdwlXIht6M0mqa,I'm So Tired,Fugazi,Instrument Soundtrack,punk-rock,0.328,0.13,0.169,0.892,78.454,sad
2WCcNcnj6YIiKTNMmQiBKI,Gotta Give Me,Saco;Sebastiën,Gotta Give Me,french,0.864,0.707,0.721,0.469,115.034,happy
2z5zyZaP6J9sh74mMKytUo,Ammunition,Krewella,Ammunition,dubstep,0.509,0.761,0.344,0.0991,144.974,intense
5GQu9ALTmhmLggqUb9HTL8,DROGEN,JPD,DROGEN,german,0.583,0.405,0.185,0.908,143.555,chill
7lTWdUAtKRdaRS0UbQD9y7,Morado,J Balvin,Noche de Halloween Latino,reggae,0.881,0.696,0.781,0.136,97.002,chill
29wJiSQcze8HEmxkUQykyp,Carrie,Europe,The Final Countdown (Expanded Edition),hard-rock,0.455,0.487,0.139,0.114,136.482,chill
1zzwcBhUh3TqB2sVJWH84i,Summer Of '69,Bryan Adams,Rock Workout 2023,rock,0.5,0.908,0.744,0.0166,138.834,happy
3DWkYRm35UkcM1V0icj6lo,Sun Lo Na,Suzonn,Sun Lo Na,indian,0.713,0.236,0.647,0.886,139.75,relaxed
2tKXrorgfX5RzIyuHlv8Dn,8-Track,Drumattic Twins,Heads Up High / 8-Track,breakbeat,0.677,0.931,0.962,0.000879,131.941,happy
3b7OG6vJYLvLw5cD2vJGiJ,David Byrne's Badside,Courting,David Byrne's Badside,psych-rock,0.328,0.906,0.571,0.00133,149.674,chill
2A5wg4aSc7X1Ej2fnOBJ9n,Loneliest Time Of Year,Mabel,Christmas Songs 2022,house,0.517,0.609,0.239,0.0631,92.093,chill
4HrUDgx9kHWuIeNCwbPxey,I'll Keep You Safe,Sarah Meow;Shiloh,Safe.,chill,0.758,0.206,0.389,0.922,115.008,sad
2koESjC2WBc6qmfg0dmTRt,Her,eery,Her,chill,0.665,0.394,0.499,0.813,82.067,chill
6qkoo6SQru2khgh87tarNT,Aamar Motey,Anupam Roy,Dwitiyo Purush,indie-pop,0.75,0.373,0.61,0.755,105.045,relaxed
6rzkGvobI2YxEtZud2lOvQ,We have fun,LooLoo Kids,We have fun,children,0.802,0.569,0.653,0.123,129.995,chill
3jMy7ITBiLgVwC15RBK9Hp,Once Upon a December,Christy Altomare,Anastasia (Original Broadway Cast Recording),show-tunes,0.166,0.288,0.0748,0.917,174.166,sad
1pkTvuXbKr4upKDTE67Nnb,Sugar,Surf Curse,Magic Hour,punk,0.611,0.695,0.699,0.112,121.347,chill
2lhWOCEHyh6mjIA1sK1RcU,Ready Or Not - Radio Edit,Cascada,Evacuate The Dancefloor,techno,0.627,0.988,0.497,0.00253,145.014,chill
18cXHds9l6ZlzXgO78D2aW,Communications from the Lab,Laurent Garnier,Unreasonable Behaviour,minimal-techno,0.549,0.694,0.122,0.00072,196.112,chill
6ael0a5FVQXGupOfzpkoOB,Milagres - Acústico,Lukas Agustinho,Milagres (Acústico),brazil,0.246,0.26,0.129,0.776,90.369,sad
0JhgYG57glAanBfyxs8ziA,One Cold Day,Lacuna Coil,Broken Crown Halo,goth,0.183,0.793,0.163,0.00197,89.238,intense
20GcfxNGnwLuhuRPkigmSX,No Nation On This Earth,Primordial,To the Nameless Dead,black-metal,0.0954,0.869,0.137,3.2e-06,89.08,intense
7bHF1evAhX18G3BdKLblFH,YVGN (#hot16challenge2),Milion Plus;Jickson,#hot16challenge2,emo,0.934,0.539,0.831,0.0665,130.019,chill
3PB2otu6Z5yToA9irqF1fN,Let's Make Love,Faith Hill;Tim McGraw,Chillin' It - Mellow Day Country,country,0.35,0.459,0.153,0.339,147.035,chill
71ejLHLwmZKf0oL9gaRC8h,Sevemezsin,Pera,En Güzel Mevsimim,turkish,0.558,0.554,0.503,0.0689,144.133,chill
5KteBzvgHmFUGpjJ8iN3XY,Hung,Sound Quelle,Trait,trance,0.743,0.837,0.189,0.00538,119.976,intense
7A7JjdvyB2m3D0fx11SFmf,evergreen,My Little Lover,re:evergreen,j-rock,0.56,0.832,0.41,0.0874,101.896,chill
3y8vOmrtJpdyQ3PkaHQRKm,Remédios Demais,Matanza,Odiosa Natureza Humana,hard-rock,0.359,0.991,0.433,0.000762,181.231,chill
4BxY1gnqICuaP6qg2Nw5HV,La Felicidad Llegó,Alberto Vazquez,La Voz Romántica de Alberto Vazquez,rock-n-roll,0.665,0.454,0.871,0.426,94.482,chill
2wQBzAZdsaqDBbtwBk5MhA,PAPI (feat. Babywine & Alberto Stylee),DJ Nelson;Jose De Las Heras;Alejandro Armes;Babywine;Alberto Stylee,PAPI (feat. Babywine & Alberto Stylee),latino,0.909,0.716,0.417,0.359,105.078,chill
1dHiSGzb9WFtDKnBFJs4KO,Just Say,Coco & Breezy;Tara Carosielli,Just Say,soul,0.83,0.419,0.511,0.0465,119.993,chill
2QFyOnJfJ49OnNgMvKXvTM,Turning Page,Sydney Rose,Turning Page,songwriter,0.404,0.0182,0.114,0.964,109.107,sad
2LGj1sOH9OEN5y1fF3TPoL,How Soon Is Now?,The Smiths,Alternative Rock Mixtape,punk,0.398,0.93,0.73,0.000854,190.84,happy
1KMBAzA8X44WL5RfxkjSsu,FESTA JOVEM,Lagum,MEMÓRIAS (de onde eu nunca fui),mpb,0.819,0.438,0.809,0.378,130.099,chill
55CidrDhSYchvpKfJhe2up,Audio Damage,Future Funk Squad,Audio Damage,breakbeat,0.717,0.875,0.235,0.00112,134.025,intense
01fa0cKL8OFFehwurqdEuC,No 1 Hit Medley,Modern Talking,Back For Good,synth-pop,0.835,0.943,0.886,0.173,116.033,happy
0mpo3w2SHXb3rsfepeG5Pr,You Better Not Think About Me,Hebe Tien,Insignificance,mandopop,0.588,0.405,0.167,0.579,111.76,chill
3rPxhq3V4HtMTtuFP8DqM7,SUMMER TIME LOVE,EXILE,EXILE LOVE,j-pop,0.618,0.935,0.668,0.00667,115.043,happy
7v3No0Ib7ZcvsNOBahkrFZ,I’d Miss You,Flatt Lonesome,Flatt Lonesome,bluegrass,0.671,0.595,0.734,0.709,99.01,chill
6ZIV5osNpt72h70Qsm8OI3,Exorbitant Prices Must Diminish,disrupt,Unrest,grindcore,0.201,0.987,0.305,2.94e-06,111.63,intense
2gBefHZUvwnZBSRNIxHiKY,Led Away,Casino Versus Japan,Suicide by Sun,idm,0.304,0.477,0.0639,0.0771,111.855,chill
2p9P80g69GvL8fcIaBC7nu,Kinare,Mohan Kannan,Queen,indian,0.526,0.464,0.165,0.359,141.934,chill
57eam3uNwTmBwR63dg8noM,Looser Now,Röyksopp,The Understanding,trip-hop,0.711,0.833,0.757,0.0492,119.304,happy
5W349ZV1vTlUduZuVPNmLx,The Only Ones,Melody Club,Goodbye To Romance,synth-pop,0.597,0.928,0.901,0.00365,119.971,happy
6oJduNyGLnBzY12NeIlRvh,Spiral Galaxy,Jeff Mills,SIGHT SOUND AND SPACE,detroit-techno,0.555,0.995,0.758,0.0258,119.171,happy
5YZMJiVEthl7905WzW8dzS,Y de Quién Es?,Aonikenk,Lanza en Mano,heavy-metal,0.461,0.971,0.215,7.69e-05,157.74,intense
6rUtMKEej81ORTGtCpjyOJ,Best Day Of My Life,Tom Odell,Best Day Of My Life,chill,0.683,0.187,0.101,0.983,117.92,sad
6ucDjMpL1RzH8bJ1mwoNpI,Reuben's Train,Foghorn Stringband,Rock Island Grange,bluegrass,0.617,0.711,0.721,0.537,142.79,happy
6KfqrM6To2CjbXqJN3Pulw,I Got A Feeling,Felix Jaehn;Robin Schulz;Georgia Ku,Night Drive Autumn/Winter 2022/23,edm,0.598,0.833,0.406,0.0196,124.973,chill
2hRNxkgCScd5yxbTsrGQR4,Vinheta: Beat Box II / Como Tudo Deve Ser - Ao Vivo,Charlie Brown Jr.,Acústico (Ao Vivo),alt-rock,0.544,0.596,0.794,0.226,80.96,chill
2ZWUcwJFwHAKmfWbc1bOK9,Controlled By Fear,Toxic Holocaust,Primal Future: 2019,black-metal,0.498,0.92,0.483,0.00309,92.517,chill
47U6UBCMwwXkf7saw2VAW3,Opus II,Terrence Woods,Opus II,study,0.558,0.246,0.453,0.457,31.834,chill
2mLYjGJ1Fl4qNept7opf7Y,Mr. Jones,Counting Crows,Rock Workout 2023,alternative,0.571,0.836,0.73,0.194,141.612,happy
2SpEHTbUuebeLkgs9QB7Ue,Jolene,Dolly Parton,Jolene,country,0.674,0.537,0.809,0.566,110.578,chill
1yoqnfKCN9QltgyjAF1dTm,Crossroads,MBW,Crossroads,hardstyle,0.47,0.705,0.119,0.0235,151.79,intense
3YfG9ch4qcYbDhwVtDuzQm,"Thuli Thuli (From ""Paiya"")",Yuvan Shankar Raja;Haricharan;Tanvi Shah,All About Love: Yuvanshankar Raja,pop-film,0.706,0.528,0.634,0.257,92.021,chill
35ZmCVnfYRdK1iLGCxNhMa,The Only,Static-X,Shadow Zone,metal,0.428,0.979,0.292,7.04e-05,104.84,intense
0BhH8IeKQa3MW7J3dpl6x0,Ghostbusters - Lo-Fi,hope mona,trick or treat on beat,study,0.816,0.596,0.756,0.76,116.022,chill
4xqZ4uWihfEmryrAASlF5y,Mankementje,Cast - Frozen,Frozen (Originele Nederlandstalige Soundtrack),disney,0.603,0.487,0.792,0.549,109.349,chill
2JvPJ8ydPuN2NhpH4oti6I,Dance Hall Days,Wang Chung,Points On The Curve,synth-pop,0.664,0.589,0.54,0.259,102.74,chill
2jtlU6H5C9WFB0x72f6YGo,Touch,Hybrid Minds;Catching Cairo,Elements,drum-and-bass,0.582,0.821,0.0373,0.0354,86.013,intense
4KCGYOHGExcKUlFkNajeVO,Goiaba,Oaty.,Goiaba,jazz,0.757,0.679,0.374,0.619,103.016,chill
6suU440DRXoxpLNKWf46XJ,O Resgate,Realidade Cruel,Dos Barracos de Maderite aos Palácios de Platina,brazil,0.553,0.732,0.436,0.622,152.59,chill
5QjuTblPokfD03fkfHUuVK,"Hang Me, Oh Hang Me",Dave Van Ronk,Folksinger,blues,0.504,0.0273,0.395,0.931,120.24,sad
37yHxMij3cpN8SdO915LUI,恋するフォーチュンクッキー,AKB48,次の足跡 Type A <初回限定盤>,j-idol,0.681,0.936,0.924,0.259,121.986,happy
5ojKJaUakPsK8SOuh5g3vw,Dig a Little Deeper,China Anne McClain;Disney,Descendants 3 (Original TV Movie Soundtrack),disney,0.464,0.902,0.641,0.0395,203.133,happy
6OSVqTKdYoj5jrbCCNPxRR,Dressed In Decay,CKY,An Ånswer Can Be Found,industrial,0.447,0.865,0.597,4.07e-05,118.382,chill
2pTfNuajiEwpIq7zk66N21,Climb High,Brookes Brothers;Danny Byrd,Orange Lane,drum-and-bass,0.46,0.587,0.145,0.000997,173.997,chill
0JWAGB0kw1rT2vPR1r8IKo,The Rainbow Caverns - From Mine Train Through Nature’s Wonderland,George Bruns,Walt Disney Records The Legacy Collection: Disneyland,disney,0.182,0.254,0.0381,0.99,93.902,sad
4IBL3uksmg3kUOf7iUzkpg,Really Something,Hector Gachan,Untitled '91,garage,0.669,0.713,0.613,0.0383,92.304,happy
3kRGiGpjCFS7CtEBSfHNH0,Soul Bleach,Parkway Drive,Darker Still,metalcore,0.555,0.96,0.353,2.79e-05,126.913,intense
7CV0simdlDvsUY3UD8sF0g,Take Good Care Of My Baby,Bobby Vee,The Very Best Of Bobby Vee,rockabilly,0.459,0.435,0.621,0.794,82.596,chill
0FqBW0B73YSpw5NcmVWI4p,Impressionante - Ao Vivo,Klebson Kollins,Impressionante (Ao Vivo),gospel,0.412,0.619,0.0596,0.0502,134.961,chill
71QWBr5CLcQFXkXgzrg3Iy,Magic,Tony O'Connor,Dreamtime,new-age,0.297,0.0213,0.194,0.988,91.802,sad
15BFn2VmEtonsXfNL1lUmy,I Heard The Bells On Christmas Day,The Civil Wars,Chill Christmas Dinner,folk,0.492,0.145,0.218,0.872,90.078,sad
5HpX5jzbL8OweC2nAG0bC2,Mile Dias,509-E;Dexter;Afro-X,MMII-DC (2002 Depois de Cristo),r-n-b,0.767,0.509,0.733,0.301,153.537,chill
620KT2uyy5Pd9vjaPGdPzH,Cat 2,[Alexandros],I Wanna Go To Hawaii,anime,0.554,0.896,0.519,0.00128,97.472,chill
6KOI9Op0fdvmPBG4RMemZc,"Kapoor & Sons Mashup (By DJ Chetas) (From ""Kapoor & Sons (Since 1921)"")",Nucleya;Benny Dayal;Amaal Mallik;Tanishk Bagchi;Badshah;Arko;Armaan Malik;Arijit Singh;Asees Kaur;Fazilpuria;Sukriti Kakar;Neha Kakkar,"Kapoor & Sons Mashup (By DJ Chetas) (From ""Kapoor & Sons (Since 1921)"")",edm,0.654,0.951,0.521,0.0308,130.094,chill
3wibiU2UECiww5wkSJfPZJ,Manifesto (feat. Lenine e Emicida),Fresno;Lenine;Emicida,Eu Sou a Maré Viva,r-n-b,0.398,0.962,0.199,0.0111,135.107,intense
3ZBJMy7ICSqGfwQivSjqZo,brake down,wavcrush,come pat a bowl,study,0.761,0.428,0.187,0.21,90.014,chill
62BMP3xJ0NupOWjz1eQ0Vj,Sem Sentimento,MC Roger,Sem Sentimento,funk,0.899,0.556,0.626,0.167,150.015,chill
4KYPfZpN9haysWIStzfr3k,Caminito - Remasterizado,Ignacio Corsini,"Colección Completa, Vol. 14 (Remasterizado)",tango,0.617,0.135,0.641,0.992,141.521,relaxed
7JiWFKym2XX7vgQDt0uUmB,On My Own,Said The Sky;William Black;SayWeCanFly,On My Own,dub,0.463,0.773,0.203,0.0322,150.064,intense
53rvxSNmKhy7wMAAygyYWr,Moments,Masicka;Stefflon Don,438,j-dance,0.772,0.658,0.16,0.0622,129.345,chill
2MV2CBFcQa6WPLFMicSvu3,Nosara,Little Symphony,Rialto Beach,guitar,0.0614,0.00153,0.0671,0.969,74.04,sad
6I1mw5BBnLZhOXpKTAXKj7,James the Painter,Jim Florentine;Don Jamieson,Terrorizing Telemarketers 7,comedy,0.616,0.795,0.581,0.986,81.987,chill
6w1JxJHzZYnH3JpK0p1T4u,Carona do Amor,RDN;Suel;Ferrugem,"RDN & Amigos, Vol. 2",samba,0.677,0.514,0.848,0.472,86.128,chill
5I2UElY0XPnPhQhBTxBcq3,Bloodstream,Stateless,Stateless,british,0.701,0.463,0.352,0.357,139.941,chill
5Uvj6AZithdKEQBawSk6ti,Back Way,Vybz Kartel;Spice,Back Way,j-dance,0.823,0.693,0.669,0.188,99.981,chill
1qXj26IIx1XlLxjF5lkL04,Face On The Sand,Siavash Amini,TAR,iranian,0.0704,0.623,0.0376,0.144,76.949,chill
4PU1y3MwA0S2weaQ7DAw2F,Rock-a-Bye Baby,CoComelon,Nursery Rhymes by CoComelon,children,0.715,0.217,0.509,0.822,119.902,chill
5nlTbPMCpCCEr7zXaRbvlq,Seguirei,Rose Nascimento,Para o Mundo Ouvir,brazil,0.604,0.576,0.309,0.527,124.249,chill
5ami95W9OOWQPwrBb5tud5,Watercolour - Full Version; Single,Pendulum,Immersion,drum-and-bass,0.421,0.896,0.169,0.000174,174.065,intense
4ypHsbn2y6aXKuDCHDrYT6,Acapulco,Jason Derulo,Tropical Vibes,dance,0.774,0.792,0.507,0.051,122.062,chill
264Jze0mvGjOzxNG8fLEuO,"Menina, Amanhã de Manhã",Mônica Salmaso,Iaiá,mpb,0.378,0.24,0.533,0.876,101.408,chill
6G0vQhQUP8jUzAkGZ2PXRH,Can't Fight,Lianne La Havas,2Step - Pop R'n'B,r-n-b,0.737,0.522,0.768,0.0772,86.985,chill
4lOFqJQaR5dGIazIBK8XsZ,I Love You,Deluxe,Boys & Girl (Suite et fin),spanish,0.754,0.724,0.637,0.337,105.001,happy
3ESSGgWzRf1xvP7G5hHMhB,Again,Fetty Wap,Fetty Wap (Deluxe),j-dance,0.748,0.733,0.291,0.0062,93.019,intense
1say3kpM3yexV7hazGgXP1,Daylight,MindaRyn,Daylight,anime,0.482,0.838,0.652,0.016,165.984,happy
1sjmKmR4u9xDeJHjDCn2bZ,Penny Lane,The Beatles,Sgt. Pepper's Lonely Hearts Club Band (Super Deluxe Edition),british,0.633,0.385,0.647,0.411,113.956,relaxed
4XuEiko0gQBN73HsRTNhkP,Nossa Música,Ponto De Equilíbrio;Gabriel O Pensador,Essa É a Nossa Música,brazil,0.723,0.715,0.773,0.065,90.014,happy
0ngSk8aGEjWS6fsHIV9KKj,Beast in Black,Beast In Black,Berserker,heavy-metal,0.161,0.942,0.198,4.76e-06,89.011,intense
1OxUQrlcUaVLDRpfdxz88u,Silencio,Hector Tricoche,Oro Salsero (20 Éxitos),salsa,0.63,0.643,0.743,0.542,160.774,chill
69vlMrzHwATKzupwNcUPyK,La Santa,Bad Bunny;Daddy Yankee,YHLQMDLG,reggaeton,0.744,0.868,0.586,0.0326,93.037,chill
3GKa3RctO1YHniUDerjAij,"Tritonia (Tritonia 399) - Coming Up, Pt. 1",Tritonal,Tritonia 399,dub,0.852,0.684,0.48,0.0124,125.93,chill
5IXtD2TsspSRVym4DVgdt8,Extinction of Darkness and Light,Inquisition,Black Mass for a Mass Grave,black-metal,0.292,0.984,0.0358,3.51e-05,129.835,intense
0DCLuT6dIBTso6hcEgCTbm,Fire,Crate Diggers,Fruit Loops,study,0.692,0.424,0.405,0.66,82.024,chill
6wqJeItl3Vc3az4ZicSQAB,Before I Forget,Slipknot,Vol. 3: The Subliminal Verses,alternative,0.291,0.974,0.348,0.0177,134.724,intense
4GfDV5KQFbnPP5RXOm9KQf,Secrets,AMARIA BB,What's Done in the Dark,j-dance,0.561,0.4,0.359,0.769,107.954,chill
20X9OeC606XNwEtDBOym5u,Love Drunk,Boys Like Girls,Love Drunk,punk-rock,0.44,0.976,0.412,0.00177,150.005,chill
7yd3GzvC8fxsk0m6hyEXGX,Ainda É Tudo Seu,Luiza Possi;Thiaguinho,Seguir Cantando,mpb,0.676,0.5,0.124,0.422,117.987,chill
78FHUZRbFDCG6VkRAQdFLm,Broken Wings,Mr. Mister,Welcome To The Real World,synth-pop,0.286,0.5,0.443,0.134,99.162,chill
1ONnn6GrKQoGuHUYQ3eTyv,Lágrimas de Crocodilo,João Penca E Seus Miquinhos Amestrados,Hot 20 - João Penca e Seus Miquinhos Amestrados,r-n-b,0.659,0.934,0.844,0.303,135.341,happy
4AJSezeHRUJsQGlnhSQDUM,Cruz de tecido - Ao vivo,O Rappa,O Rappa - Acústico Oficina Francisco Brennand (Deluxe) [Ao Vivo],brazil,0.506,0.793,0.429,0.498,98.582,chill
0ANM7OVho2pqsFguo832qb,Tu Hi Junoon,Pritam;Mohit Chauhan;Kausar Munir,Dhoom:3,indian,0.603,0.69,0.42,0.101,133.968,chill
4g9vBGwvz06hfW5UKTbYl4,Irreparable,BBS Paranoicos,Og Bo Toyy,hardcore,0.458,0.986,0.294,0.000539,97.078,intense
3ZeSbDI9FsqNaDZTIJZOjM,La Maldad,OConnor,Río Extraño,heavy-metal,0.509,0.895,0.256,0.000571,127.99,intense
1hmfCUTmSfLWecxk8JDNRr,Saving Grace,DRYM;GXD;Christina Novelli,Saving Grace,trance,0.425,0.957,0.071,0.000366,137.88,intense
3agHxWiFTSPZzTgW4mgGwL,Nuestro Gran Amor,Cuco Sánchez,Serie De Coleccion 15 Autenticos,guitar,0.444,0.0811,0.247,0.927,96.216,sad
5jftUou8uMmQ423cCM1p1k,To The Rockabilly Beat,John Lindberg Trio,Made For Rock N Roll,rockabilly,0.542,0.914,0.929,0.00191,91.463,happy
04K4hdavNtIwDwn3V6IKOE,Badlands,In Hearts Wake,Skydancer,metalcore,0.551,0.997,0.121,1.03e-05,111.976,intense
4hElemKogZAQkyalmaMu9f,I Want To Hold Your Hand,Glee Cast,Glee The 3D Concert Movie (Motion Picture Soundtrack),club,0.241,0.552,0.068,0.564,77.939,chill
1aAhNjAqKqUFQ93uesAytf,O Segundo Sol,BaianaSystem;Cássia Eller,O Segundo Sol,afrobeat,0.383,0.711,0.432,0.174,137.036,chill
0ODktM8J48ucTIrvgak5q7,Missing You - Jazz Cafe Mix,Larry Heard,Missing You,chicago-house,0.803,0.364,0.879,0.0686,116.006,relaxed
2NqfkA2lQHqAezTY5h2EZ1,If We Try,Don McLean,Sweet Home Alabama,folk,0.565,0.403,0.48,0.674,109.62,chill
6NXIFaZ5a9rtnhF7GAHF0U,Bitter Sweet Symphony - Remastered 2016,The Verve,Hits Pop Rock 90's,alt-rock,0.356,0.917,0.523,0.0336,171.172,chill
3diPEpZKPa7DyhpMtp5Psw,Layla,DJ Robin;Schürze,Ballermann Hits Party 2023,party,0.442,0.922,0.388,0.00134,140.082,intense
0FyGl6PYFfojqfpqIybYv9,A Favela Venceu,Mc Tikão;Djonga;JR ON;MC Cabelinho,A Favela Venceu,funk,0.699,0.819,0.555,0.347,112.764,chill
1tUeaAwcZK4S1CUDtDwJDc,Butterfly Waltz,Brian Crain,Piano and Cello Duet,new-age,0.361,0.185,0.401,0.988,129.439,chill
1isR16EatwUWvHB1EaWdT0,Waqt Ki Baatien (Lofi Mix),Coffeekids;Rohiiieet,Waqt Ki Baatien (Lofi Mix),indian,0.515,0.399,0.451,0.695,90.463,chill
4LtSTc3xANVhYeeN69nscM,Aaftaab,The Local Train,Vaaqif,rock,0.464,0.391,0.418,0.755,106.887,chill
4rx74n3FvoM0zWU9nZesMw,"Sol, Playa Y Arena","Tito ""El Bambino""",Perreo Tenebroso Vol. 1,latin,0.823,0.656,0.713,0.257,94.038,chill
0PMAlHB4OYyLjqHVvhD3hV,Mia & Sebastian's Theme,Kim Bo,A Piano Dream,piano,0.389,0.0371,0.269,0.994,96.57,sad
5NeP5LxzlLaGlsVFHviHUj,Majhail 1.0,Jordan Sandhu,FAME,hip-hop,0.778,0.648,0.678,0.238,155.836,chill
7q6lr1W6cmGWijl5kCv5RG,Real Muthaphuckkin G's,Eazy-E,It's On (Dr. Dre) 187um Killa,hardcore,0.735,0.797,0.731,0.0174,170.444,happy
0xttqqTj7ZAGyVkfOYxQ4F,Nee Paartha Vizhigal - The Touch of Love,Anirudh Ravichander;Vijay Yesudas;Shweta Mohan,3 (Original Motion Picture Soundtrack),hip-hop,0.665,0.596,0.644,0.293,110.055,chill
4u1MSjULnQ95O8w3cJTOzl,O Que É o Amor,Arlindo Cruz,Mtv Ao Vivo Arlindo Cruz - Cd 1,pagode,0.509,0.75,0.816,0.692,93.948,happy
1VvGJIAjhGdB7InVP9NA7V,Haareya,Sachin-Jigar;Arijit Singh;Priya Saraiya,Meri Pyaari Bindu,pop-film,0.675,0.392,0.534,0.773,123.935,chill
05NYcsjJwOYq4jIiKPVj9p,Hard To Handle,The Black Crowes,Shake Your Money Maker,j-rock,0.599,0.79,0.961,0.00257,103.783,happy
5TLA7O0ogTqwZHbS3ERabw,Blow Up The Outside World,Soundgarden,Down On The Upside,grunge,0.33,0.529,0.148,0.000807,140.156,chill
52KFX9aaIwEuUX1mjlbgvp,"skyscrapers (love now, cry later)",Lil Peep,crybaby,emo,0.659,0.423,0.0364,0.0144,112.223,chill
5rfAvjThTSoBWAJgtFIf5M,Jaque Mate,Maikel Delacalle;Justin Quiles,Queda poco para la PAES 2.0,latino,0.782,0.797,0.554,0.13,110.045,chill
7JhZI4MzYLnjQdvxco3kVU,Bulb,Ardhito Pramono,"Playlist, Vol. 2",j-pop,0.561,0.427,0.449,0.109,76.988,chill
5y2j0voADwpD6ZDGSxdnd7,All on Me,Devin Dawson,Easy Country,country,0.634,0.666,0.625,0.139,80.989,chill
7L93GESzq43UkKUt5FsOCq,Jump Around - 30 Years Remaster,House Of Pain,House of Pain (Fine Malt Lyrics) [30 Years] [Deluxe Edition],hardcore,0.811,0.823,0.827,0.0553,106.929,happy
1KgIBPUmEDdjsMwPnGmDKC,Qalandar (Original Score),Rahat Fateh Ali Khan,Qalandar (Original Score),pop-film,0.592,0.629,0.62,0.779,149.946,chill
0mAPRz8lp5UsaPL00JN8zZ,El Día Que Me Quieras,Carlos Gardel,Tango Collection,tango,0.313,0.242,0.406,0.964,87.07,chill
7bYsIVw6B8QRvtT7TeyRdT,Dead & Bloated,Stone Temple Pilots,Grunge!,hard-rock,0.56,0.81,0.548,0.000156,123.013,chill
5FUCZUiW0cE1t9iCWbQPWE,Nazi Punks Fuck Off,Napalm Death,Noise For Music's Sake,grindcore,0.261,0.977,0.316,0.000152,95.847,intense
5NYejXf1mwigePilCGLjdM,Call Me A Spaceman,Hardwell;Mitch Crown,Spaceman,progressive-house,0.582,0.878,0.35,0.0172,127.945,intense
3fdyHcPGa639HJixHM699h,I Like To Move It From Madagascar,The Party Cats,Kids Dance Party,kids,0.817,0.864,0.826,2.36e-05,129.987,happy
1S5nq7DelsGNc4DVFaJHul,Arrancacorazones - Acústico en Vivo,Attaque 77,"Acústico,Teatro Opera, Buenos Aires, Argentina.",punk,0.385,0.838,0.274,0.23,125.572,intense
2yQJT5fopKSAdJB2aaLgwr,Sleigh Ride,Ella Fitzgerald,World's Best Christmas Playlist,blues,0.593,0.287,0.639,0.764,77.117,relaxed
1I86H4C4Vqm0INF99IGq0r,Problemón,Alvaro Diaz;Rauw Alejandro,Noche de Halloween Latino,reggae,0.729,0.737,0.369,0.275,91.99,intense
3DGSKdFDJsj9URD6fohI5g,Save Yourself,ONE OK ROCK,This Is Why - This Is Rock,rock,0.503,0.849,0.762,0.00428,165.096,happy
0h9SkgqZV9PB04Qnqgz3hZ,She Cries,Colin Donnell,Songs for a New World (New York City Center 2018 Encores! Off-Center Cast Recording),show-tunes,0.425,0.543,0.483,0.596,77.122,chill
5zJkRl2lsuP1bD1djEodCZ,Obsidian Vortex,ATLiens,Obsidian Vortex,dubstep,0.743,0.986,0.185,0.0573,141.997,intense
3Zm5WTuC4K98XAMw5h2V4T,Pump This,Juicy M;Willy Van Florence;Amyss,Actuation ADE 2022 Pre-Party,electronic,0.73,0.935,0.491,0.0124,128.013,chill
48gmTNjtEFROuEWHegOASs,Disposable Heroes,Chimaira,Metal,groove,0.183,0.986,0.291,1.75e-05,187.989,intense
0oIJ7r16P1YsR8hXyMl7l6,Dance - Live,Planetshakers,Endless Praise (Live),world-music,0.602,0.965,0.461,0.00359,130.015,chill
46vfbuNkK1W4k72AYs7rIf,Axel F,Silly Kidz,101 Crazy Jokes for Kids,kids,0.834,0.969,0.716,0.0489,137.985,happy
028odW9VHEdtpcVVMxMs75,House Train - Steve Silk Hurley's Original House Mix,"Steve ""Silk"" Hurley;Risse",House Train (S&S Remixes),chicago-house,0.79,0.875,0.597,0.00248,119.04,chill
7nF9c1EmRF3BNAtKDCwUAK,Cry Baby,Official HIGE DANdism,Editorial,anime,0.346,0.901,0.434,0.0103,199.934,chill
1l75b5q10NeaBkyMy18R5N,As Dores do Mundo - Acústico,Jota Quest,Acústico Jota Quest,mpb,0.609,0.73,0.509,0.384,105.163,chill
0puqSsCdrsmI3HRlpRF5SB,Celebration,Kool & The Gang,80s Bangers Vol. 1,funk,0.857,0.782,0.899,0.139,120.763,happy
2P7u3rUHzWnRQOmeHoWc9m,Hayırlara Ola,Contra,Hayırlara Ola,turkish,0.797,0.48,0.0713,0.132,125.064,chill
3nxQsiBxMP7f1Ey4J7YqNs,Los Métodos Piqueteros,Las manos de Filippi,Los Métodos Piqueteros,ska,0.733,0.678,0.938,0.0138,114.004,chill
5qI9gSVZRtAcbkw1Xzx0B9,Frosty The Snowman,Ella Fitzgerald,Christmas 2022,blues,0.579,0.502,0.836,0.733,76.783,chill
3BCUomazV8Hs6BcUAkphls,When We Used To Play - Blake Baxter Remix,Blake Baxter,When We Used To Play,detroit-techno,0.801,0.905,0.678,0.0064,120.09,happy
0bWAjywvZX6qiyy6R0ocWz,Ночь светла (feat. Оркестр штаба Ленинградского военного округа),Boris Shtokolov;Оркестр штаба Ленинградского Военного округа,"Люблю тебя, Петра творенье...",romance,0.331,0.29,0.366,0.98,138.567,sad
5YRzeFvIc4yNhpzDcLKWvE,Bossy,BadKidMacei;Badkidparis,Bossy,kids,0.914,0.723,0.335,0.196,95.0,intense
6u72pIRsRCxA0nTdUfMr5c,Green Light,Ed Solo;Darrison,Don't Stop,breakbeat,0.798,0.737,0.707,0.00167,175.057,happy
1NTvMdM5cJyHpTSuy1etvZ,平均,fishbowl,平均,j-idol,0.694,0.889,0.853,0.0557,128.029,happy
4RdZfdkgW1OmkajhvcOxA1,Long Way Home,Tritonal;HALIENE;SCHALA;Jorza,Long Way Home,dub,0.511,0.795,0.415,0.0461,129.855,chill
3e4tHEcyzEtngkCw8ZBSMS,Start Over,Gaho,ITAEWON CLASS (Original Television Soundtrack),k-pop,0.591,0.818,0.574,0.172,108.107,chill
7FOeR1X65DEG4KjpVhNC4Z,それは小さな光のような,Sayuri,それは小さな光のような-special edition,anime,0.492,0.959,0.349,0.109,143.966,intense
5Qkixf9OjJp5a4XphaONKO,Surrender,Elvis Presley,Elvis 30 #1 Hits,rockabilly,0.454,0.666,0.894,0.758,82.61,chill
1YOylgJbV4yKD1VITry6A1,Hunter Theme,Noisia,Devil May Cry (Original Game Soundtrack),breakbeat,0.383,0.881,0.26,0.00219,110.799,intense
3pr0y5h4MkBngy6gyozLDV,Voodoo?,L'Impératrice,Tako Tsubo,synth-pop,0.871,0.379,0.491,0.0858,107.961,chill
5KhUOgK2skD3tFxjPoV91B,Llovió - En vivo,Presuntos Implicados,La Noche 2 desde la Ciudad de México / Zona Preferente,spanish,0.665,0.69,0.531,0.496,89.042,chill
46lFttIf5hnUZMGvjK0Wxo,Runaway (U & I),Galantis,Pharmacy,electro,0.506,0.805,0.383,0.00711,126.008,intense
0WFwjcwQekV5FTKpl4idDw,Meeresrauschen zum Schlafen,Meeresrauschen,"Meeresrauschen zur Entspannung, für Meditation, Yoga und Wellness",sleep,0.108,0.999,1e-05,0.554,84.867,intense
5h1y0Ah4mwwCWTSSUbCQSP,Higher State Of Consciousness (Adana Twins Remix Two),Josh Wink;Adana Twins,Higher State Of Consciousness (Adana Twins Remixes),minimal-techno,0.787,0.966,0.504,0.177,122.998,chill
3tshTnnudBH7kGW3QMhFuI,Eat Your Yokes,"Joey ""CoCo"" Diaz",Sociably Unacceptable,comedy,0.66,0.707,0.692,0.839,78.296,happy
5nQqnfHX5cr2FsGszRtTpr,Christmas All Over Again,Tom Petty and the Heartbreakers,Christmas Best Hits 2022,singer-songwriter,0.44,0.838,0.619,0.0956,138.908,happy
25R9Ax7cdjWx0EDr2HAKoA,Deathlessness,AJJ,Christmas Island,acoustic,0.554,0.655,0.363,0.00193,100.423,chill
3AAsiwefE8spREBj95cERE,Twinkle Twinkle Little Star,Play School,50 Best Songs,children,0.718,0.269,0.2,0.841,98.119,sad
1ezwbmmrYZVfXVLEoiqLnk,GATE OF STEINER,佐々木恵梨,TVアニメ『シュタインズ・ゲート ゼロ』オリジナル・サウンドトラック,anime,0.409,0.612,0.367,0.199,147.886,chill
02q48eRgkja20qgxTKdXk4,Close Your Eyes,Kim Petras,Happy Haunted Halloween Tunes,dance,0.548,0.728,0.337,0.0104,105.961,intense
3gj1uVEbk65EZyd2bGu0QS,Dark Moon - Radio Edit,B-Front,Dark Moon,hardstyle,0.246,0.763,0.0677,0.0592,149.655,intense
4vuJBFn3pjgac1NPJoVvly,It Is Done - Live,Planetshakers,Greater (Live),world-music,0.5,0.937,0.341,0.00633,131.988,intense
77DLJboUFvej3L6g3dqVyR,Flor De Lino,Solo Tango Orquesta,2010-2015,tango,0.372,0.391,0.186,0.946,106.65,sad
1MyWtH2yavuP1AHUi1X7ur,Sex,Cheat Codes;Kris Kross Amsterdam,Sex,house,0.604,0.691,0.186,0.00493,105.014,chill
1XtKDLAUMpkP7d5As2tMdo,Adrenaline,MASN,Adrenaline,sad,0.604,0.767,0.662,0.0724,166.912,happy
6oYkwjI1TKP9D0Y9II1GT7,Under the Sea,Samuel E. Wright;Disney,The Little Mermaid Special Edition,disney,0.511,0.475,0.819,0.708,98.957,chill
5ialQMeK57m6Y9V44IIOh7,Sin After Sin,Alter Bridge,Sin After Sin,grunge,0.383,0.819,0.36,7.47e-05,119.109,intense
08mG3Y1vljYA6bvDt4Wqkj,Back In Black,AC/DC,Back In Black,hard-rock,0.31,0.7,0.763,0.011,188.386,chill
2ST9rghUAyWeXEG5Wtl3Q3,Hey Adi Yogi - Hard Edit,Audiofreq;Somnia;Shanti People,Hey Adi Yogi,hardstyle,0.506,0.971,0.376,0.0264,150.023,intense
6OUTbAEIxmP8RVEAFNMq1d,Ven Conmigo,Daddy Yankee;Prince Royce,Perreo Tenebroso Vol. 2,reggae,0.78,0.856,0.712,0.116,120.049,happy
5mSJyWjbBeQzJlfaRmZAIN,Little Saint Nick - 1991 Remix,The Beach Boys,Weihnachten Musik,rock,0.602,0.553,0.971,0.108,130.594,chill
55oksqIJzQHW604TLqYoCI,Narcissist,Kataklysm,Meditations,death-metal,0.483,0.951,0.141,0.000731,87.484,intense
4K7x9KC3XrcKMNdhVoaBOj,The Man In The Santa Suit,Fountains Of Wayne,Rock n Roll Christmas,alt-rock,0.622,0.72,0.948,0.0525,133.922,happy
4FfJyCX8Dq3BcfOhFEL06K,Christmas Must Be Tonight - Remastered 2001,The Band,A Very 70s Christmas,blues,0.668,0.665,0.766,0.0519,128.619,chill
3QlusKT6cJtiVNQakKTYAw,飄雪,Priscilla Chan,歸來吧,cantopop,0.609,0.351,0.376,0.77,72.019,sad
3uewgGxACwca8iwi2ZVwVT,Fried Noodles (Getter Remix),Pink Guy;Getter,Pink Season: The Prophecy,comedy,0.524,0.791,0.231,0.135,139.946,intense
5bsGv6kAydbH8VTW0xup9D,RESISTER,ASCA,百歌繚乱,anime,0.483,0.946,0.4,0.00997,91.497,chill
4JmbtS0Muijl37KP9lDscy,Heart Burn,SUNMI,Heart Burn,k-pop,0.84,0.656,0.783,0.0287,121.99,chill
2tPzQueGEjxjmBvJrYe02u,Lonely (with Chandler Leighton),ILLENIUM;Chandler Leighton,ASCEND,dubstep,0.451,0.402,0.129,0.597,92.93,chill
0BHRumGwcRNsQQVueMzOEM,Dying Sun,Out of Nowhere,Dying Sun,iranian,0.418,0.942,0.376,2.61e-05,170.046,intense
1gcESexgftSuLuML57Y69q,All Right Now,Free,Fire And Water,blues,0.787,0.472,0.824,0.221,120.059,chill
7uykYHCkou98B5r1BNJ15g,Microphone,The 20 Belows,Late Nights,power-pop,0.308,0.981,0.707,4.16e-05,184.224,happy
4RRWdUBfKdN8SdPOIiu9by,New Patches,George Jones,Too Wild Too Long,honky-tonk,0.618,0.342,0.425,0.345,108.177,chill
5nxmwuDelvrQPTofGhF6nk,Kamarikan,From The Vastland,Kamarikan,iranian,0.289,0.539,0.0391,0.000126,119.898,chill
6f1oG9hTx3NETgV6q4rkw5,Take You Down,ILLENIUM,ASCEND,dubstep,0.275,0.657,0.219,0.396,169.638,chill
6rodOIyxUXZrRfzoNL2vXx,Elegy For The Arctic - Remastered 2020,Ludovico Einaudi,Undiscovered,ambient,0.424,0.0713,0.148,0.987,63.648,sad
6SB0NzwnyO71TI6z8pMIiE,Savannah's Assault,Phobia,22 Random Acts Of Violence,grindcore,0.268,0.995,0.0724,2.07e-05,123.248,intense
0AXtdoJaVk6W8pcYstecgw,Czarna Inez,Raz Dwa Trzy,Muzyka Z Talerzyka-Najzdrowsze Kawalki,blues,0.595,0.806,0.718,0.199,120.172,happy
3hqoHu39sFapb5HE5Fhy9O,Brother and Bad at Sports,Andy Hendrickson,Left Field,comedy,0.528,0.573,0.482,0.672,80.103,chill
0x7oCog91UWqiYJQEee3uK,Lift Me Up,OneRepublic,Oh My My,piano,0.69,0.84,0.701,0.0107,115.0,happy
7eDCoOxaczn7Uwoqtogu70,Warrior - Extended Version,Mark With a K;Robert Falcon,Mass Hysteria,hardstyle,0.473,0.912,0.328,0.00706,155.021,intense
4sXc3d5u0z6N6xt3EW3xPS,Senorita,DJ Noiz;Kennyon Brown;Donell Lewis;Konecs,Senorita,dub,0.807,0.737,0.926,0.267,105.053,happy
3g0mEQx3NTanacLseoP0Gw,Takeaway,The Chainsmokers;ILLENIUM;Lennon Stella,World War Joy,electro,0.528,0.511,0.351,0.126,100.1,chill
5TdfMjV97dTvKtyQ6iSmMU,Nu Nu - Todd Terry Club Mix,Lidell Townsell,Nu Nu (2011 Remixes),chicago-house,0.757,0.911,0.744,0.000328,126.0,happy
09OgnqJcTVQXiWTjgrkMIz,Ae Dil Hai Mushkil Title Track,Pritam;Arijit Singh,Ae Dil Hai Mushkil (Original Motion Picture Soundtrack),indian,0.495,0.654,0.35,0.713,123.896,chill
3o6ZuA88pIJ0MyS4knzaWo,"Los Sueños, Sueños Son",Cyclo,Happy Piscis,spanish,0.749,0.684,0.637,0.00868,120.03,chill
0XL75lllKb1jTmEamqwVU6,Time of India,Sajanka,Time of India,trance,0.689,0.554,0.163,0.091,148.002,chill
7rVJVRNCAJkoQ2ta6E9fY2,Hoje O Céu Abriu,NX Zero,Em Comum,alt-rock,0.56,0.918,0.595,0.1,101.919,chill
57TrQP3nPUoc92VsooFB7p,Kahaani,When Chai Met Toast,Kahaani,folk,0.596,0.358,0.43,0.9,94.932,chill
0YP9RUlhsYw7MdM5wV89Bp,Baixa Essa Guarda,Grupo Revelação,Velocidade da Luz,pagode,0.625,0.797,0.816,0.617,87.645,happy
5RA1kFN9rXDAY4ylievepD,Hoch die Hände Nachtgebet,Marry;Balineiro,Hoch die Hände Nachtgebet,party,0.592,0.984,0.69,0.00524,139.88,happy
1fNVlMup9qvrnQlJsKDN8k,Brother to the Blues,George Jones,I Am What I Am (Expanded Edition),honky-tonk,0.568,0.382,0.429,0.749,111.388,chill
1ErS8Tahdp0bOUH7SBM4jo,Ameba - Remasterizado 2007,Soda Stereo,Dynamo (Remastered),punk,0.438,0.778,0.531,2.1e-05,101.961,chill
3CYcfkVQbUPjnljKdKA8H1,Ascension,Mac Miller,Trap Masters,hip-hop,0.763,0.53,0.296,0.368,119.998,chill
4ZmLXCBmuMjK5RlCsCHowb,Mothership Calls,Tineidae,Mothership,idm,0.161,0.24,0.0374,0.872,109.161,sad
1BAiFIrzp1umGBo8H2WEfy,Tom The Model,Beth Gibbons;Rustin Man,Out Of Season,trip-hop,0.461,0.451,0.244,0.744,96.005,chill
6VNucEJbu8TNQQAEFYgvKW,青空が違う,Keyakizaka46,真っ白なものは汚したくなる (Complete Edition),j-idol,0.524,0.92,0.77,0.0425,157.047,happy
6TWcSqCntZhH5vyc35kkob,John Wayne,Cigarettes After Sex,Cigarettes After Sex,ambient,0.441,0.465,0.173,0.343,123.933,chill
0QKQfBRO7yv8XCefwEax14,Gabriel,Lamb,What Sound,trip-hop,0.425,0.534,0.187,0.18,83.718,chill
4cJhBmeJ7KiBeuy7oxRnZ3,Black Magic,Slayer,Show No Mercy,death-metal,0.148,0.908,0.0707,4.66e-06,93.888,intense
0OCa1PunDKY1cfsiiD7UzA,One Little Christmas Tree,Stevie Wonder,Soulful Christmas,funk,0.406,0.377,0.717,0.764,92.23,relaxed
4QxvGE6cdx4AIRwpjo9czl,Amapola - Live,Andrea Bocelli,You're The Inspiration: The Music Of David Foster And Friends (Int'l DMD),opera,0.2,0.499,0.0895,0.854,146.629,chill
1y05VMAnbF0SUrDo7RsMyy,Somewhere Only We Know,Keane,Обратно в клас - rock,piano,0.453,0.655,0.366,0.0794,172.01,chill
7vd1j4IDTU0koES9M8dvBQ,Kiss The Rain,Yiruma,Yiruma 3rd Album 'From The Yellow Room' (The Original & the Very First Recording),piano,0.56,0.0519,0.182,0.99,132.691,sad
51j44z3Qr2HnSnBhrEwpvm,Sería Facil Decir,Amelita Baltar;Pedro Aznar,El Nuevo Rumbo,tango,0.574,0.481,0.446,0.479,122.61,chill
7hMk63Drw5xr1Sg0DnaM80,Inre Balans,Avslappning Sound,"Avslappnande Musik - Sova Musik för Begrundan, Sömnproblem, Avslappning, Positivt Tänkande",sleep,0.288,0.197,0.0395,0.93,65.13,sad
42FsvUF4iYyXVx9jc54ziM,RENDEZ-VOUS - LIVE IN HAMBURG JULY 1987,BOØWY,PSYCHOPATH,rockabilly,0.505,0.945,0.557,0.00598,151.784,chill
2Adshg6ixiUmC5ljN4Anx5,Corcovado,Elis Regina,Ressaquinha,brazil,0.396,0.44,0.18,0.915,105.145,chill
7n4Y9BCKLHi4hqI2NctuAq,I Want More,KALEO,Indie Chill Out,alternative,0.55,0.531,0.364,0.256,98.014,chill
7wKwX3QFmx3icbH7iKVPe4,Matkar Maya Ko Ahankar,Kabir Cafe,Panchrang,indian,0.796,0.517,0.614,0.613,107.475,chill
6DLsynyv8bCZteUkhhsmR4,Eternal,Jenevieve,Best R&B Tunes,chill,0.506,0.717,0.233,0.645,159.811,intense
3PAwXy3RYt2mm7nDg0SVCk,Walking on Sunshine,Pickin' On Series;Brad Davis;Lou Ann Price,Pickin' On the Biggest Hits of the 1980s Vol. 2,bluegrass,0.76,0.628,0.889,0.598,108.971,chill
5QSUroBMs5XaGfNqzObDEs,Sonnen Diamant,Vandenberg,Sonnen Diamant,guitar,0.66,0.0863,0.153,0.94,131.096,sad
3IT6wMBpuSOiTmM79vanaE,die first,Nessa Barrett,Your Perfect Soundtrack,electro,0.444,0.669,0.44,0.0669,183.441,chill
5EcjFvi2ptqJ1J6b9PSh8Q,A Nossa Primeira Vez,Forró dos Plays,Verão dos Plays,forro,0.662,0.923,0.964,0.385,169.844,happy
1kecd8ZaRomMhPXWEzTNCc,Baladinha Rural - Ao Vivo,US Agroboy,Baladinha Rural (Ao Vivo),sertanejo,0.76,0.828,0.583,0.485,129.999,chill
4GdCiwOXIpmQGUWl5XBqyr,"6 Variations in G minor for Piano & Violin on ""Hélas, j'ai perdu mon amant"" K.360: Var. I",Wolfgang Amadeus Mozart;Arthur Grumiaux;Walter Klien,Mozart - Inspiring Classics,classical,0.308,0.0647,0.769,0.994,179.916,relaxed
5GXVv9R0Dr6SISbmrcQSwR,悲傷的採購 - Live,my little airport,I ALSO DON'T KNOW (Live),cantopop,0.359,0.551,0.278,0.137,119.674,chill
4iP7HF6dhCmvXOk6pHnX9u,Just A Word,Prateek Kuhad,Just A Word,indie-pop,0.36,0.247,0.279,0.838,77.225,sad
1EiLrPd8JMTcQUr1aLEUKi,Work,Gang Starr,Moment Of Truth,hardcore,0.787,0.832,0.814,0.0347,92.606,happy
6tkl6rjuXWtVOCaXSSSCz2,"Jab Tak (From ""M.S.Dhoni - The Untold Story"")",Armaan Malik,2016 Shinning Star - Armaan Malik,pop,0.299,0.447,0.321,0.858,121.723,chill
0HeG8Hl4Upx3zqwK7VNY2l,Run Rudolph Run,Chuck Berry,Christmas Songs 2022,rock-n-roll,0.647,0.876,0.949,0.881,151.925,happy
5Zw163DqSAk404ekrdfvfD,Once A Day,George Jones,Starday & Musicor Originals,honky-tonk,0.445,0.254,0.706,0.735,131.252,relaxed
4AAuHpqSjH9B0SENHuqzIw,No Tube Zone,Vald,NQNT33,french,0.766,0.859,0.641,0.0548,154.995,happy
1rptK1oec3gjHpzzrxHyln,"Maybe It’s Time (feat. Corey Taylor, Joe Elliott, Brantley Gilbert, Ivan Moody, Slash, AWOLNATION, Tommy Vext)",Sixx:A.M.;Corey Taylor;Joe Elliott;Brantley Gilbert;Ivan Moody;Slash;AWOLNATION;Tommy Vext,"Maybe It’s Time (feat. Corey Taylor, Joe Elliott, Brantley Gilbert, Ivan Moody, Slash, AWOLNATION, Tommy Vext)",grunge,0.396,0.781,0.201,0.00158,145.06,intense
031AIGrfnhZYJxegTuYw9W,Kackvogel - Original Mix,Solomun,Kackvogel,techno,0.875,0.745,0.365,0.208,117.995,intense
3dEs4iCuSkChgGTzwzhIBz,Hands Together - Mixed,Gershon Jackson;Reset Preset,Defected Radio Episode 114 (hosted by Sam Divine),chicago-house,0.685,0.819,0.671,0.00464,124.034,happy
5QvW5lK6mkfTegpAK9JOO7,Paris to Tokyo,Fivio Foreign;The Kid LAROI,Paris to Tokyo,r-n-b,0.642,0.787,0.406,0.0185,146.733,chill
00LmM2QLGpfb5NC7PC7qqZ,Vasilhame,Criolo,Ainda Há Tempo,afrobeat,0.506,0.876,0.676,0.194,124.218,happy
2cuxKp2kNIpSdGMSBgCAWH,93,Terno Rei,Violeta,r-n-b,0.726,0.487,0.626,0.132,126.005,chill
5WJTVtdhtZRYdLdVfZHXDC,Christmas Makes Me Cry - From The Kacey Musgraves Christmas Show,Kacey Musgraves,Lonely Christmas 2022,country,0.506,0.21,0.414,0.808,104.181,chill
5RXdPnVu0Re9XvKo9v6Wx4,Por qué?,Los Baby's,Sólo para enamorados,rock-n-roll,0.521,0.47,0.555,0.0293,115.541,chill
0tBH1LgOYu7yWx6yyJcyFL,New & Improved,Greensky Bluegrass,Stress Dreams,bluegrass,0.529,0.539,0.558,0.355,124.156,chill
3HeZam86SuxGp1wZ3XMIjE,She Said (Big Jet Plane),Trinix;Queen D,She Said (Big Jet Plane),house,0.808,0.538,0.416,0.108,108.026,chill
2cFbDTppIxkKRfDltzKGnx,Crying For Love,Sonic Journey,Crying For Love,dubstep,0.482,0.756,0.472,0.00269,150.043,chill
14FXnHReFEBy1KDFFBPFEo,まちぶせ,Rei Harakami,わすれもの,idm,0.661,0.676,0.887,0.214,120.015,chill
1Q9wxos3TLN0VAMgIrvCPn,Kan Revan Icindeyim,Düş Sokağı Sakinleri,Cennet,j-rock,0.524,0.419,0.261,0.767,116.17,chill
6N4FNxukJlgyFNZ3XMK0YP,Execution,Alan Menken,Walt Disney Records The Legacy Collection: Pocahontas,show-tunes,0.0995,0.22,0.0771,0.952,70.005,sad
4CNIKGlBvWXzGSFSKQdMcS,Nostalgias,Orquesta Tipica Buenos Aires,La Cumparsita,tango,0.348,0.329,0.362,0.707,115.459,sad
0Rpqo36TnUZplojq6qqI4J,DNA,Craig David;Galantis,DNA,british,0.672,0.881,0.68,0.0588,122.012,happy
4Lq2eCJPkusiiLBfoD05d0,Born Ready,Zayde Wølf,Golden Age,blues,0.432,0.866,0.353,0.0813,68.039,intense
69ufW8tanyMTh5nhsSigpp,Spoiled,Joss Stone,The Best Of Joss Stone 2003 - 2009,british,0.429,0.586,0.29,0.528,110.133,chill
1JuU4qEEZgSZbXotwMRpQF,Cíes,Huma,Cíes,sleep,0.169,0.032,0.0371,0.884,73.735,sad
2V26vjCy384SOkQgl0dpsA,Marathon,Vincent;JT Roach,Marathon,dub,0.398,0.347,0.344,0.595,129.891,sad
6ozLwDnOkZBN1yir033PyG,La Loba del Mar,El Coyote Y Su Banda Tierra Santa,Como una Huella Digital,r-n-b,0.799,0.736,0.975,0.283,106.539,happy
3oyTqxLuItCdLpXUXlE3aF,Tou Feggariou,Pantelis Thalassinos;Giannis Nikolaou,Oi Aggeloi Tou Erota,guitar,0.48,0.287,0.332,0.823,103.814,sad
3xbow5OCNoe0BUlaAodIR4,Names,The Acacia Strain,It Comes in Waves,death-metal,0.273,0.837,0.0792,0.000709,117.156,intense
5BAJDNTutBFJL27pKunac1,Shadow (Maceo Plex Remix),Maceo Plex;Chromatics,Shadow (Remixes),deep-house,0.657,0.727,0.776,0.000297,126.01,happy
2HjcFrEc1qBZEhWKlEgbqd,Nebel,Droplex;Mark Dekoda,Nebel,minimal-techno,0.934,0.533,0.15,0.00694,128.001,chill
1dnVwpKHlDyTM8TJCEAOg5,Bol Ke Lab Azaad Hain,Rashid Khan;Vidya Shah,Manto,classical,0.381,0.41,0.225,0.576,172.377,chill
36lkJSDyMEZoWTqtRj8Q8q,You're the Inspiration - 2006 Remaster,Chicago,Chicago 17 (Expanded & Remastered),singer-songwriter,0.583,0.602,0.388,0.368,74.008,chill
4j40GfL8zd2iPxrF9qHagn,Saudosa Maloca,Demonios Da Garoa,Demônios Da Garoa,samba,0.74,0.526,0.903,0.347,89.456,chill
7p4GwFkLmIrqT9RTYAoW7J,Jag Skulle Dö För Dig,Steget,Förändrar Allt,goth,0.298,0.17,0.275,0.919,71.908,sad
3zvBkrRyrDFmcJAfmZLEOT,Summer Song,Joe Satriani,The Extremist,guitar,0.384,0.917,0.48,1.1e-05,162.128,chill
08angE49gaHFtfzdE0RFRD,Письмо матери,Сергей Зыков,Есть одна хорошая песня у соловушки...,romance,0.357,0.28,0.267,0.966,136.75,sad
6ACEyjinUNAzzSEHDLNnnW,If I Can't Get Down - Mixed,Mike Dunn,Defected Radio Episode 152 (hosted by Simon Dunmore),chicago-house,0.819,0.7,0.591,0.00146,123.97,chill
3n5tgT9Q5uAn4vw5xvp9Nw,"Mary, Don’t Go",Shannon & The Clams,Year Of The Spider,power-pop,0.541,0.842,0.747,0.145,120.987,happy
22VpC56TcW8JL7oiCeEGJI,Árvore Cortada,Valesca Mayssa,Árvore Cortada,gospel,0.387,0.458,0.346,0.297,138.32,chill
5D9MPWdY2hjSeTIGE5n5kv,ハルカ,YOASOBI,THE BOOK,j-pop,0.712,0.817,0.679,0.0717,100.016,happy
7o2CTH4ctstm8TNelqjb51,Sweet Child O' Mine,Guns N' Roses,Appetite For Destruction,rock,0.454,0.91,0.629,0.0866,125.116,happy
0g9IOJwdElaCZEvcqGRP4b,Edge Of The Earth,Thirty Seconds To Mars,30 Seconds To Mars,grunge,0.522,0.921,0.241,0.000105,110.088,intense
7a8Sxul9deqkRnBBLAWGoI,i need you,sadeyes,i need you,emo,0.711,0.363,0.372,0.576,104.971,sad
2jHEySxCzzODFWmPzt084L,18 ~eighteen~,Masaharu Fukuyama,残響,acoustic,0.609,0.76,0.44,0.131,117.135,chill
5xuN2TLYBNoHYK48NLwhp9,Back in the U.K. - Remastered,Scooter,Our Happy Hardcore (20 Years of Hardcore Expanded Edition) [Remastered],happy,0.423,0.989,0.438,0.000585,179.969,chill
2aUL3K9oSKea7rzFJRcFlQ,Królowa,MiłyPan,Discopolot,disco,0.856,0.823,0.968,0.0538,138.013,happy
3wWYsyw0dpPXYe6I2lAWea,Comforting Evil,Nosferatu,Demonic Playgrounds,techno,0.619,0.972,0.107,0.137,97.537,intense
6oP3qa2MyQjxW8YQQdPBq9,Hate It Or Love It - Live Edit,Headhunterz,Studio Sessions,hardstyle,0.591,0.898,0.324,0.0114,149.974,intense
2CNYxrbpznawrX4k3FGy6X,Stay Around - Earth n Days Remix,Milk & Sugar,Selection ADE 2022,deep-house,0.64,0.971,0.865,0.00418,123.956,happy
74bTLvQXVHVJ6TF1l1M0r6,Qalbi,Jay Daniel,TALA,detroit-techno,0.696,0.78,0.848,0.525,121.454,happy
1oACG26rFg4XwAkW5oGGUa,Colors,Stella Jang,Colors,k-pop,0.734,0.295,0.788,0.636,199.99,relaxed
0F1Yc1N29pSyBYHYlPRK1P,Ein Vogel wollte Hochzeit machen,Rolf Zuckowski;Sasha;Oonagh;Benedikt Geiger,Rolfs neue Vogelhochzeit,children,0.652,0.208,0.632,0.907,94.74,relaxed
17I5IcS0nXZb3Gt37m51kp,My First Robot,Freescha,Kids Fill the Floor,idm,0.45,0.555,0.208,0.544,218.879,chill
1Q2m9FSjgRdE6fQIXhNSLH,Collars and Suits,Delain,Interlude,goth,0.459,0.881,0.324,0.000386,140.076,intense
1NzcfWIiD1SnRnqkzT2lfD,Dime A Ve,Jhayco,Perreo Tenebroso Vol. 1,latino,0.773,0.753,0.56,0.122,179.983,chill
49BfJjMs40ki2rIRX4IbN3,Horário de Verão - Ao Vivo,Turma do Pagode,O Som das Multidões,pagode,0.523,0.827,0.443,0.553,93.026,chill
1BglQ2RycnlMVp4HzoUSNP,Free Born Man - Original Federal Recordings,Jimmy Martin,Best Of The Best (Original Federal Recordings),bluegrass,0.56,0.781,0.814,0.238,121.127,happy
5SrbYHN89Ay0EFCiyqyB4a,Smitten For The Mitten,Chiodos,Bone Palace Ballet: Grand Coda,metalcore,0.483,0.968,0.195,0.0163,93.988,intense
50a1bmHXDna2sQcEHBvEXJ,Livets teater,Håkan Hellström,Det kommer aldrig va över för mig,goth,0.556,0.881,0.654,0.193,132.998,happy
0SR4CMLXoTqG4vcfjCrsl2,A Bad Plan Is a Good Plan,Lorne Balfe,Black Adam (Original Motion Picture Soundtrack),british,0.208,0.32,0.034,0.724,74.574,sad
2zsBzaQiHi7oaOCVpYBUxN,Incomparável Amor - Acústico,Gabriel Brito,Incomparável Amor (Acústico),brazil,0.494,0.206,0.276,0.822,125.89,sad
0snQrp1VaY5Pj1YIHRJpRJ,Chaand Baaliyan,Aditya A,Chaand Baaliyan,indie,0.729,0.396,0.886,0.796,97.281,relaxed
1XFZMenJ30FfGOsj8X5sqf,Khulke Jeene Ka,A.R. Rahman;Arijit Singh;Shashaa Tirupati,Dil Bechara (Original Motion Picture Soundtrack),pop-film,0.676,0.544,0.533,0.566,88.969,chill
17dpidjyUEW1ps04Eu5vK3,Prologo,Gio’ Gio’ Rapattoni;Lucrezia Cesari,Rapunzel- L'intreccio della torre,disney,0.171,0.152,0.11,0.935,95.093,sad
1kl9shHWQQdpPFV3w8e7ZQ,"Carnaval, Op. 9: No. 5, Eusebius (Live in Japan, 2022)",Robert Schumann;Pavel Nersessian,"Schumann, Poulenc & Others: Piano Works (Live in Japan, 2022)",classical,0.369,0.0283,0.0644,0.995,109.738,sad
3AedlLCGKNhQdhtLzObIbR,Pasarela,Daddy Yankee,Queda poco para la PAES 2.0,reggaeton,0.839,0.907,0.737,0.101,121.048,happy
55H4GT7iLma7fJyBhS7o4R,At Dawn,Hania Rani,Venice - Infinitely Avantgarde (Original Motion Picture Soundtrack),ambient,0.412,0.00313,0.12,0.99,102.398,sad
2hr7myxuDCoXsKyVfh4ue0,Do Or Die - Afrojack vs. THIRTY SECONDS TO MARS Remix,Afrojack;Thirty Seconds To Mars,Forget The World (Deluxe),progressive-house,0.575,0.89,0.206,0.034,128.041,intense
4IaZWtk88n1RD2IHJGUrxW,katharsis (TV edit),TK from Ling tosite sigure,katharsis (TV edit),anime,0.661,0.706,0.435,0.223,144.051,chill
2fK7vE5xZRvBAjKOOqkrSe,Não Há Barreiras - Ao Vivo,Eli Soares;Álvaro Tito,Memórias 2 (Ao Vivo),brazil,0.565,0.526,0.716,0.518,139.972,chill
2hEXNxHo6jne84vrC2vlg6,I Only Rewind,Tubeway Army,The Flood The Ultimate Fantasy Playlist,synth-pop,0.627,0.704,0.781,0.0458,141.891,happy
2sNGaLOMBIkyVFPsQqPQdW,Alpha Beta Gaga,Air,Talkie Walkie,trip-hop,0.477,0.833,0.555,0.00226,169.968,chill
0rohJsT6NWsThpukt0Xxdc,Higher Ground (feat. John Martin),Martin Garrix;John Martin,Higher Ground (feat. John Martin),progressive-house,0.442,0.619,0.382,0.0841,128.318,chill
3xeaR6dAHQHU6rtUPRK9tX,Rave Culture 2022,Sub Zero Project,Rave Culture 2022,hardstyle,0.292,0.947,0.0859,0.00171,150.101,intense
6cqJwJRvumXke1XFLpeYsW,Coração Blindado,Grupo Revelação,Ao Vivo No Morro,pagode,0.619,0.887,0.819,0.696,100.088,happy
4KWKrzTYu5e7fcYC7nKUun,I Feel So Good Today,Charlie Brown Jr.,Imunidade Musical,hard-rock,0.688,0.484,0.447,0.646,124.062,chill
7G8wXQyYA7lfJ7LEzYGCC8,Un Tipo de Indulgencia,PXNDX,Poetics,punk-rock,0.45,0.933,0.525,0.0115,154.18,chill
0hvUNtmLVhnOXhZmkNtyqh,La Mura,Victor Rice,Drink,afrobeat,0.545,0.608,0.975,0.409,141.849,chill
7BvM6gezSZfDN3WQjYjEgg,Breathe Out,Marika Takeuchi,Breathe Out,anime,0.435,0.28,0.547,0.976,163.981,chill
0IDH9B3HYSXZF0qqH8c195,Manipulate/Consume,No/Más,Consume / Deny / Repent,grindcore,0.269,0.956,0.165,9e-05,103.214,intense
7K8t9RlR5gSMR1a9ouugDK,Devotion - Extended Version,Ten City,Atlantic 60th: On The Dance Floor Vol. 2,chicago-house,0.717,0.494,0.732,0.338,120.261,chill
0e9gtpHaPwQJlYm2NlfJzU,Bre Petrunko,FanEOne,Bre Petrunko,house,0.533,0.644,0.366,0.0177,159.976,chill
5yFFAIv1yNy3dPLEEcIKFP,Miento,Soraya,Soraya,spanish,0.505,0.864,0.414,0.135,89.941,chill
0SzNyaaHr8irGzhulluvli,Phone Booth,Carbonas,Carbonas,blues,0.338,0.985,0.132,0.00717,104.665,intense
1YQ7BbJR8HqAolfprvxGKu,Notorious B.I.G. (feat. Lil' Kim & Puff Daddy) - 2005 Remaster,The Notorious B.I.G.;Lil' Kim;Diddy,Born Again,hardcore,0.904,0.826,0.824,0.0531,101.35,happy
3bgKVqn6LRjdpuFNpJ3rSq,Mistletoe and Wine,Cliff Richard,Cuddle Up Christmas,rock-n-roll,0.498,0.432,0.365,0.688,135.015,chill
40lwbvMJ0456sm1D61KeTF,ハロー・ハロー,Superfly,Superfly,j-rock,0.311,0.665,0.492,0.0293,169.749,chill
1dNIEtp7AY3oDAKCGg2XkH,Something Just Like This,The Chainsmokers;Coldplay,Something Just Like This,house,0.607,0.649,0.505,0.0306,102.996,chill
2jwJIaPyTu7oRLotDg5qmI,Flat Jam,Pola & Bryson,Running Away EP,drum-and-bass,0.539,0.72,0.342,0.00112,173.996,intense
2JjAZwcKJjmuwDZSiw4PEj,Christmas Time,Bryan Adams,Christmas Best Hits 2022,songwriter,0.503,0.582,0.326,0.472,77.321,chill
73TNNPwLyYcBdopacix7oM,Mi Canto,Antonio y Joel Con Labranza,Mi Canto,salsa,0.683,0.739,0.811,0.608,102.079,happy
5m9otLv1iIOPtzsx07OsXg,Vete Ya,Los Solitarios,Antología. . . Los Solitarios,rock-n-roll,0.675,0.279,0.72,0.96,92.895,relaxed
1kAkUHFb7ryeVkVSRD6Nkj,Wish I Was Better,Kina;yaeow,Wish I Was Better,sad,0.732,0.304,0.185,0.747,139.965,sad
427VV6oe3I7lKyGlkZPWuf,Feitiço Matador,Forrozão Sela Rasgada;Zezinho Aboiador,A Rainha das Vaquejadas,forro,0.861,0.629,0.962,0.492,107.98,chill
17H5BFEUB0tMcQfJEcDSwH,Ready Yet,Mokita,Ready Yet,chill,0.79,0.531,0.627,0.193,104.512,chill
4tLTmAru7JOcP3zJD5otpb,Mi Bless,Escala Mercalli,Mi Bless,dancehall,0.673,0.738,0.926,0.403,91.797,happy
5L43sOQdAwKFNAIqlyYDuJ,Happy and You Know It,Pancake Manor,Happy and We Know It,children,0.553,0.572,0.66,2.94e-05,164.046,chill
2aY4CS80pEEbB91beekApE,Wo sind die Engel in der Nacht?,Rolf Zuckowski,Heia - Rolfs kleine Nachtmusik,children,0.459,0.201,0.43,0.817,114.985,chill
5cJJdUtacwBrphoMjh3tKG,Believe,When Chai Met Toast,Believe,folk,0.25,0.618,0.12,0.16,66.632,chill
6gJdDnF2TzfA1WPMXuCa3x,Proud Mary,Tina Turner,What's Love Got to Do with It?,disco,0.397,0.499,0.367,0.0766,171.067,chill
7wWXKqpLayBT6dZkeiMSle,Say More,Moonbootica,Ibiza Techno Top 50 : 2022. 2 - the Closing,techno,0.8,0.841,0.763,6.71e-05,124.003,happy
4cQSzZtlnVyWVT1cnRe2aE,Liveinla 1998,Moodymann,Silence In The Secret Garden,detroit-techno,0.857,0.86,0.467,0.0037,121.239,chill
21A2PNSBmbgYippTwftroU,Angel On My Shoulder - Remastered 2006,The 69 Eyes,Blessed Be (Remastered 2006),goth,0.588,0.851,0.458,0.000124,113.967,chill
1T4U8Q2DRfs6OUg8DEsRZf,Bad,Don Diablo;Zak Abel,Bad,progressive-house,0.791,0.738,0.666,0.406,123.927,happy
0fRUwcyUiNm6KTITio97gJ,White Noise Quiet Slumber,The Wiggles,Sweet Dreams: White Noise Sleep Aid for Baby,children,0.387,0.166,0.0386,0.945,120.014,sad
3Hb9kUdm4yf839Fle4RIdT,Parado no Bailão,MC L da Vinte;MC Gury,Parado no Bailão,funk,0.828,0.599,0.478,0.381,86.533,chill
7H10smyqYA7G23KkZwfipP,痴心的廢墟 - 電視劇「黃金十年」主題曲,Alan Tam,首麟影視歌,cantopop,0.579,0.376,0.143,0.624,75.616,sad
1hgitBIufJCzMGWatsfA6l,Lokon materi,Izabella Jur'eva,Velikie ispolniteli Rossii XX veka: Izabella Jur'eva (Deluxe Version),romance,0.41,0.144,0.158,0.992,145.496,sad
7oa8CQV3oVrY8jgPGPDnyb,istanbulla değil sorunum,yunusemre;Şekersiz,istanbulla değil sorunum,turkish,0.578,0.398,0.169,0.748,110.015,sad
70L6nHORQsblY813yNqUR3,Cherry Waves,Deftones,Saturday Night Wrist,metal,0.47,0.859,0.17,0.000362,124.01,intense
5eDW8o3J9bTYzYNFQdrGut,In Defiance of Existence,Old Man's Child,In Defiance of Existence,black-metal,0.229,0.846,0.175,2.12e-06,104.986,intense
3serAvyVNdrr9ADfoH3xmd,Blacks in a Subway,Bert Kreischer,Bert Bert Bert,comedy,0.506,0.54,0.656,0.923,82.212,chill
0aSdsoufzNzGKFkRTkBYzM,Bella Ciao,Gunz For Hire,Bella Ciao,hardstyle,0.345,0.954,0.246,0.0143,77.411,intense
6arE1lr4B2jsrWP1GBIkYH,If You Really Love Me (How Will I Know),David Guetta;MistaJam;John Newman,Upbeat 20's,edm,0.692,0.883,0.614,0.0512,122.984,happy
35hcTbiin6rMydWixorzN5,Trilha do Amor - Ao Vivo,Arlindo Cruz;Caetano Veloso,Batuques do Meu Lugar (Ao Vivo),pagode,0.437,0.729,0.658,0.646,84.068,happy
6kooDsorCpWVMGc994XjWN,Black Betty,Ram Jam,Ram Jam,hard-rock,0.465,0.907,0.681,0.0241,117.293,happy
